aaron,caffrey,18
aaron,caffrey,18
aaron,caffrey,8
aaron,caffrey,18
aaron,caffrey,18
aaron,caffrey,18
aaron,caffrey,18
aaron,caffrey,18
aaron,caffrey,18
aaron,caffrey,18
aaron,caffrey,18
aaron,caffrey,18
aaron,caffrey,18
aaron,caffrey,18
2,0
aaron,caffrey,18
2,()
aaron,caffrey,18
aaron,caffrey,18
aaron,caffrey,18
aaron,caffrey,18
aaron,caffrey,18
aaron,caffrey,18
2,100
aaron,caffrey,18
2,100,<function checkWin at 0x000001BEC3FB0550>,<function time_convert at 0x000001BEC40176D0>
emma,emma2,25
